patient_id,patient_key,folder_modality,true_modality,image_path,mask_path,mask_voxels,nnunet_id,split,nifti_path,grade,grade_int,raw_grade,histology,figo_stage
C3N-01879,C3N-01879_08,CT,MRI,F:\nifti_output\CT\C3N-01879_08\MR_t1_fl3d_tra_fs_dyn_CM.nii.gz,F:\nifti_output\CT\C3N-01879_08\MR_t1_fl3d_tra_fs_dyn_CM_mask.nii.gz,69501,EndCancer_0001,train,F:\nifti_output\CT\C3N-01879_08\MR_t1_fl3d_tra_fs_dyn_CM.nii.gz,G1,0.0,G1,"Endometrioid adenocarcinoma, NOS",Stage I
C3L-01246,C3L-01246_03,CT,CT,F:\nifti_output\CT\C3L-01246_03\CT_2.5mm.nii.gz,F:\nifti_output\CT\C3L-01246_03\CT_2.5mm_mask.nii.gz,6852,EndCancer_0002,train,F:\nifti_output\CT\C3L-01246_03\CT_2.5mm.nii.gz,G3,2.0,G3,"Endometrioid adenocarcinoma, NOS",Stage I
C3N-02979,C3N-02979_01,CT,MRI,F:\nifti_output\CT\C3N-02979_01\MR_t1_fl3d_tra_fs_dyn_CM.nii.gz,F:\nifti_output\CT\C3N-02979_01\MR_t1_fl3d_tra_fs_dyn_CM_mask.nii.gz,33517,EndCancer_0003,train,F:\nifti_output\CT\C3N-02979_01\MR_t1_fl3d_tra_fs_dyn_CM.nii.gz,G3,2.0,G3,"Endometrioid adenocarcinoma, NOS",Stage I
C3N-01877,C3N-01877_08,CT,CT,F:\nifti_output\CT\C3N-01877_08\CT_Venous_phase____1.5__I30f.nii.gz,F:\nifti_output\CT\C3N-01877_08\CT_Venous_phase____1.5__I30f_mask.nii.gz,1635,EndCancer_0004,train,F:\nifti_output\CT\C3N-01877_08\CT_Venous_phase____1.5__I30f.nii.gz,G2,1.0,G2,"Endometrioid adenocarcinoma, NOS",Stage III
C3L-00938,C3L-00938_12,CT,CT,F:\nifti_output\CT\C3L-00938_12\CT_CHEST_ABDOMEN_PELVIS.nii.gz,F:\nifti_output\CT\C3L-00938_12\CT_CHEST_ABDOMEN_PELVIS_mask.nii.gz,23571,EndCancer_0005,train,F:\nifti_output\CT\C3L-00938_12\CT_CHEST_ABDOMEN_PELVIS.nii.gz,G2,1.0,G2,"Endometrioid adenocarcinoma, NOS",Stage I
C3N-01875,C3N-01875_07,CT,MRI,F:\nifti_output\CT\C3N-01875_07\MR_t1_fl3d_tra_fs_dyn_CM.nii.gz,F:\nifti_output\CT\C3N-01875_07\MR_t1_fl3d_tra_fs_dyn_CM_mask.nii.gz,38532,EndCancer_0006,train,F:\nifti_output\CT\C3N-01875_07\MR_t1_fl3d_tra_fs_dyn_CM.nii.gz,G1,0.0,G1,"Endometrioid adenocarcinoma, NOS",Stage I
C3N-02631,C3N-02631_12,CT,MRI,F:\nifti_output\CT\C3N-02631_12\MR_t1_fl3d_tra_fs_dyn_CM.nii.gz,F:\nifti_output\CT\C3N-02631_12\MR_t1_fl3d_tra_fs_dyn_CM_mask.nii.gz,67876,EndCancer_0007,train,F:\nifti_output\CT\C3N-02631_12\MR_t1_fl3d_tra_fs_dyn_CM.nii.gz,G3,2.0,G3,"Endometrioid adenocarcinoma, NOS",Stage II
C3N-03005,C3N-03005_03,CT,CT,F:\nifti_output\CT\C3N-03005_03\CT_Venous_phase____1.5__I30f.nii.gz,F:\nifti_output\CT\C3N-03005_03\CT_Venous_phase____1.5__I30f_mask.nii.gz,101043,EndCancer_0008,train,F:\nifti_output\CT\C3N-03005_03\CT_Venous_phase____1.5__I30f.nii.gz,G2,1.0,G2,"Endometrioid adenocarcinoma, NOS",Stage I
C3N-01880,C3N-01880_09,CT,MRI,F:\nifti_output\CT\C3N-01880_09\MR_t1_fl3d_tra_fs_dyn_CM.nii.gz,F:\nifti_output\CT\C3N-01880_09\MR_t1_fl3d_tra_fs_dyn_CM_mask.nii.gz,54155,EndCancer_0009,train,F:\nifti_output\CT\C3N-01880_09\MR_t1_fl3d_tra_fs_dyn_CM.nii.gz,G2,1.0,G2,"Endometrioid adenocarcinoma, NOS",Stage I
C3N-01876,C3N-01876_07,CT,MRI,F:\nifti_output\CT\C3N-01876_07\MR_t1_fl3d_tra_fs_dyn_CM.nii.gz,F:\nifti_output\CT\C3N-01876_07\MR_t1_fl3d_tra_fs_dyn_CM_mask.nii.gz,64930,EndCancer_0010,train,F:\nifti_output\CT\C3N-01876_07\MR_t1_fl3d_tra_fs_dyn_CM.nii.gz,G2,1.0,G2,"Endometrioid adenocarcinoma, NOS",Stage I
C3N-02298,C3N-02298_09,CT,CT,F:\nifti_output\CT\C3N-02298_09\CT_Venous_phase____1.5__I30f.nii.gz,F:\nifti_output\CT\C3N-02298_09\CT_Venous_phase____1.5__I30f_mask.nii.gz,5049,EndCancer_0011,train,F:\nifti_output\CT\C3N-02298_09\CT_Venous_phase____1.5__I30f.nii.gz,G1,0.0,G1,"Endometrioid adenocarcinoma, NOS",Stage I
C3N-00860,C3N-00860_01,CT,MRI,F:\nifti_output\CT\C3N-00860_01\MR_t1_fl3d_tra_fs_dyn_CM.nii.gz,F:\nifti_output\CT\C3N-00860_01\MR_t1_fl3d_tra_fs_dyn_CM_mask.nii.gz,77321,EndCancer_0012,train,F:\nifti_output\CT\C3N-00860_01\MR_t1_fl3d_tra_fs_dyn_CM.nii.gz,G1,0.0,G1,"Endometrioid adenocarcinoma, NOS",Stage I
C3N-01765,C3N-01765_06,CT,MRI,F:\nifti_output\CT\C3N-01765_06\MR_t1_fl3d_tra_fs_dyn_CM.nii.gz,F:\nifti_output\CT\C3N-01765_06\MR_t1_fl3d_tra_fs_dyn_CM_mask.nii.gz,78464,EndCancer_0013,train,F:\nifti_output\CT\C3N-01765_06\MR_t1_fl3d_tra_fs_dyn_CM.nii.gz,G2,1.0,G2,"Endometrioid adenocarcinoma, NOS",Stage III
C3N-01763,C3N-01763_06,CT,MRI,F:\nifti_output\CT\C3N-01763_06\MR_t1_fl3d_tra_fs_dyn_CM.nii.gz,F:\nifti_output\CT\C3N-01763_06\MR_t1_fl3d_tra_fs_dyn_CM_mask.nii.gz,37138,EndCancer_0014,train,F:\nifti_output\CT\C3N-01763_06\MR_t1_fl3d_tra_fs_dyn_CM.nii.gz,,,,,
C3L-00962,C3L-00962_12,MRI,CT,F:\nifti_output\MRI\C3L-00962_12\CT_CAP_5MM_SOFT.nii.gz,F:\nifti_output\MRI\C3L-00962_12\CT_CAP_5MM_SOFT_mask.nii.gz,1542,EndCancer_0015,train,F:\nifti_output\MRI\C3L-00962_12\CT_CAP_5MM_SOFT.nii.gz,,,,,
C3N-01874,C3N-01874_06,CT,CT,F:\nifti_output\CT\C3N-01874_06\CT_Venous_phase____1.5__I30f.nii.gz,F:\nifti_output\CT\C3N-01874_06\CT_Venous_phase____1.5__I30f_mask.nii.gz,11394,EndCancer_0016,train,F:\nifti_output\CT\C3N-01874_06\CT_Venous_phase____1.5__I30f.nii.gz,G1,0.0,G1,"Endometrioid adenocarcinoma, NOS",Stage I
C3N-02635,C3N-02635_11,CT,CT,F:\nifti_output\CT\C3N-02635_11\CT_Venous_phase____1.5__I30f.nii.gz,F:\nifti_output\CT\C3N-02635_11\CT_Venous_phase____1.5__I30f_mask.nii.gz,176133,EndCancer_0017,train,F:\nifti_output\CT\C3N-02635_11\CT_Venous_phase____1.5__I30f.nii.gz,G3,2.0,G3,"Endometrioid adenocarcinoma, NOS",Stage II
C3N-01172,C3N-01172_04,CT,CT,F:\nifti_output\CT\C3N-01172_04\CT_Venous_phase____1.5__I30f.nii.gz,F:\nifti_output\CT\C3N-01172_04\CT_Venous_phase____1.5__I30f_mask.nii.gz,5206,EndCancer_0018,train,F:\nifti_output\CT\C3N-01172_04\CT_Venous_phase____1.5__I30f.nii.gz,G2,1.0,G2,"Endometrioid adenocarcinoma, NOS",Stage I
C3L-01248,C3L-01248_03,MRI,MRI,F:\nifti_output\MRI\C3L-01248_03\MR_Ax(true)_T1_FSPGR_FatSAT_BH.nii.gz,F:\nifti_output\MRI\C3L-01248_03\MR_Ax(true)_T1_FSPGR_FatSAT_BH_mask.nii.gz,1556,EndCancer_0019,train,F:\nifti_output\MRI\C3L-01248_03\MR_Ax(true)_T1_FSPGR_FatSAT_BH.nii.gz,G1,0.0,G1,"Endometrioid adenocarcinoma, NOS",Stage I
C3L-02399,C3L-02399_08,CT,CT,F:\nifti_output\CT\C3L-02399_08\CT_2.5_SOFT_LARGE_FOV.nii.gz,F:\nifti_output\CT\C3L-02399_08\CT_2.5_SOFT_LARGE_FOV_mask.nii.gz,79095,EndCancer_0020,train,F:\nifti_output\CT\C3L-02399_08\CT_2.5_SOFT_LARGE_FOV.nii.gz,G1,0.0,G1,"Endometrioid adenocarcinoma, NOS",Stage I
C3N-01871,C3N-01871_05,CT,MRI,F:\nifti_output\CT\C3N-01871_05\MR_t1_fl3d_tra_fs_dyn_CM.nii.gz,F:\nifti_output\CT\C3N-01871_05\MR_t1_fl3d_tra_fs_dyn_CM_mask.nii.gz,26251,EndCancer_0021,train,F:\nifti_output\CT\C3N-01871_05\MR_t1_fl3d_tra_fs_dyn_CM.nii.gz,G2,1.0,G2,"Endometrioid adenocarcinoma, NOS",Stage I
C3N-02947,C3N-02947_12,CT,CT,F:\nifti_output\CT\C3N-02947_12\CT_ABD_PEL__3.0__I40f__1.nii.gz,F:\nifti_output\CT\C3N-02947_12\CT_ABD_PEL__3.0__I40f__1_mask.nii.gz,91563,EndCancer_0022,train,F:\nifti_output\CT\C3N-02947_12\CT_ABD_PEL__3.0__I40f__1.nii.gz,G2,1.0,G2,"Endometrioid adenocarcinoma, NOS",Stage I
C3L-01247,C3L-01247_03,CT,CT,F:\nifti_output\CT\C3L-01247_03\CT_2.5_SOFT_LARGE_FOV.nii.gz,F:\nifti_output\CT\C3L-01247_03\CT_2.5_SOFT_LARGE_FOV_mask.nii.gz,51139,EndCancer_0023,train,F:\nifti_output\CT\C3L-01247_03\CT_2.5_SOFT_LARGE_FOV.nii.gz,G3,2.0,G3,"Endometrioid adenocarcinoma, NOS",Stage III
C3N-02637,C3N-02637_12,CT,CT,F:\nifti_output\CT\C3N-02637_12\CT_Venous_phase____1.5__I30f.nii.gz,F:\nifti_output\CT\C3N-02637_12\CT_Venous_phase____1.5__I30f_mask.nii.gz,91940,EndCancer_0024,train,F:\nifti_output\CT\C3N-02637_12\CT_Venous_phase____1.5__I30f.nii.gz,G2,1.0,G2,"Endometrioid adenocarcinoma, NOS",Stage I
C3N-02678,C3N-02678_12,CT,MRI,F:\nifti_output\CT\C3N-02678_12\MR_t1_fl3d_tra_fs_dyn_CM.nii.gz,F:\nifti_output\CT\C3N-02678_12\MR_t1_fl3d_tra_fs_dyn_CM_mask.nii.gz,11803,EndCancer_0025,train,F:\nifti_output\CT\C3N-02678_12\MR_t1_fl3d_tra_fs_dyn_CM.nii.gz,G1,0.0,G1,"Endometrioid adenocarcinoma, NOS",Stage II
C3L-02403,C3L-02403_12,MRI,MRI,F:\nifti_output\MRI\C3L-02403_12\MR_AX_LAVA-XV_BH_+C_4_MINS.nii.gz,F:\nifti_output\MRI\C3L-02403_12\MR_AX_LAVA-XV_BH_+C_4_MINS_mask.nii.gz,5773,EndCancer_0026,train,F:\nifti_output\MRI\C3L-02403_12\MR_AX_LAVA-XV_BH_+C_4_MINS.nii.gz,G2,1.0,G2,"Endometrioid adenocarcinoma, NOS",Stage I
C3N-01843,C3N-01843_07,UNKNOWN,CT,F:\nifti_output\UNKNOWN\C3N-01843_07\CT_Body_1.0_Venous_Phase_CE.nii.gz,F:\nifti_output\UNKNOWN\C3N-01843_07\CT_Body_1.0_Venous_Phase_CE_mask.nii.gz,145232,EndCancer_0027,train,F:\nifti_output\UNKNOWN\C3N-01843_07\CT_Body_1.0_Venous_Phase_CE.nii.gz,G2,1.0,G2,"Endometrioid adenocarcinoma, NOS",Stage III
C3N-01171,C3N-01171_04,CT,CT,F:\nifti_output\CT\C3N-01171_04\CT_Venous_phase____1.5__I30f.nii.gz,F:\nifti_output\CT\C3N-01171_04\CT_Venous_phase____1.5__I30f_mask.nii.gz,66844,EndCancer_0028,train,F:\nifti_output\CT\C3N-01171_04\CT_Venous_phase____1.5__I30f.nii.gz,G2,1.0,G2,"Endometrioid adenocarcinoma, NOS",Stage I
C3N-01802,C3N-01802_05,CT,CT,F:\nifti_output\CT\C3N-01802_05\CT_CHEST__3.0__I40f__2.nii.gz,F:\nifti_output\CT\C3N-01802_05\CT_CHEST__3.0__I40f__2_mask.nii.gz,38262,EndCancer_0029,train,F:\nifti_output\CT\C3N-01802_05\CT_CHEST__3.0__I40f__2.nii.gz,G3,2.0,G3,"Endometrioid adenocarcinoma, NOS",Stage II
C3N-00858,C3N-00858_01,CT,MRI,F:\nifti_output\CT\C3N-00858_01\MR_t1_fl3d_tra_fs_dyn_CM.nii.gz,F:\nifti_output\CT\C3N-00858_01\MR_t1_fl3d_tra_fs_dyn_CM_mask.nii.gz,261895,EndCancer_0030,train,F:\nifti_output\CT\C3N-00858_01\MR_t1_fl3d_tra_fs_dyn_CM.nii.gz,G2,1.0,G2,"Endometrioid adenocarcinoma, NOS",Stage III
C3L-00961,C3L-00961_12,CT,CT,F:\nifti_output\CT\C3L-00961_12\CT_AXIALS__5_X_5.nii.gz,F:\nifti_output\CT\C3L-00961_12\CT_AXIALS__5_X_5_mask.nii.gz,7238,EndCancer_0031,train,F:\nifti_output\CT\C3L-00961_12\CT_AXIALS__5_X_5.nii.gz,G1,0.0,G1,"Endometrioid adenocarcinoma, NOS",Stage I
C3L-00947,C3L-00947_12,MRI,CT,F:\nifti_output\MRI\C3L-00947_12\CT_5MM_AXIAL.nii.gz,F:\nifti_output\MRI\C3L-00947_12\CT_5MM_AXIAL_mask.nii.gz,2560,EndCancer_0032,train,F:\nifti_output\MRI\C3L-00947_12\CT_5MM_AXIAL.nii.gz,G2,1.0,G2,"Endometrioid adenocarcinoma, NOS",Stage I
C3L-01277,C3L-01277_03,MRI,MRI,F:\nifti_output\MRI\C3L-01277_03\MR_AX_LAVA-XV_BH_+C_4_MINS.nii.gz,F:\nifti_output\MRI\C3L-01277_03\MR_AX_LAVA-XV_BH_+C_4_MINS_mask.nii.gz,27055,EndCancer_0033,train,F:\nifti_output\MRI\C3L-01277_03\MR_AX_LAVA-XV_BH_+C_4_MINS.nii.gz,G3,2.0,G3,"Endometrioid adenocarcinoma, NOS",Stage IV
C3N-01349,C3N-01349_05,CT,CT,F:\nifti_output\CT\C3N-01349_05\CT_Venous_phase____1.5__I30f___iMAR.nii.gz,F:\nifti_output\CT\C3N-01349_05\CT_Venous_phase____1.5__I30f___iMAR_mask.nii.gz,88828,EndCancer_0034,train,F:\nifti_output\CT\C3N-01349_05\CT_Venous_phase____1.5__I30f___iMAR.nii.gz,G3,2.0,G3,"Endometrioid adenocarcinoma, NOS",Stage I
C3N-02978,C3N-02978_12,CT,MRI,F:\nifti_output\CT\C3N-02978_12\MR_t1_fl3d_tra_fs_dyn_CM.nii.gz,F:\nifti_output\CT\C3N-02978_12\MR_t1_fl3d_tra_fs_dyn_CM_mask.nii.gz,62320,EndCancer_0035,train,F:\nifti_output\CT\C3N-02978_12\MR_t1_fl3d_tra_fs_dyn_CM.nii.gz,G2,1.0,G2,"Endometrioid adenocarcinoma, NOS",Stage I
C3N-00729,C3N-00729_12,CT,CT,F:\nifti_output\CT\C3N-00729_12\CT_ABD_PEL__3.0__I40f__1.nii.gz,F:\nifti_output\CT\C3N-00729_12\CT_ABD_PEL__3.0__I40f__1_mask.nii.gz,42248,EndCancer_0036,train,F:\nifti_output\CT\C3N-00729_12\CT_ABD_PEL__3.0__I40f__1.nii.gz,G2,1.0,G2,"Endometrioid adenocarcinoma, NOS",Stage IB
C3N-00734,C3N-00734_11,CT,CT,F:\nifti_output\CT\C3N-00734_11\CT_ABD_PELVIS__3.0__B30f.nii.gz,F:\nifti_output\CT\C3N-00734_11\CT_ABD_PELVIS__3.0__B30f_mask.nii.gz,10331,EndCancer_0037,train,F:\nifti_output\CT\C3N-00734_11\CT_ABD_PELVIS__3.0__B30f.nii.gz,G1,0.0,G1,"Endometrioid adenocarcinoma, NOS",Stage III
C3N-03044,C3N-03044_09,MRI,CT,F:\nifti_output\MRI\C3N-03044_09\CT_C_A_P_3.75.nii.gz,F:\nifti_output\MRI\C3N-03044_09\CT_C_A_P_3.75_mask.nii.gz,64989,EndCancer_0038,train,F:\nifti_output\MRI\C3N-03044_09\CT_C_A_P_3.75.nii.gz,,,,,
C3N-02632,C3N-02632_11,CT,MRI,F:\nifti_output\CT\C3N-02632_11\MR_t1_fl3d_tra_fs_dyn_CM.nii.gz,F:\nifti_output\CT\C3N-02632_11\MR_t1_fl3d_tra_fs_dyn_CM_mask.nii.gz,61291,EndCancer_0039,train,F:\nifti_output\CT\C3N-02632_11\MR_t1_fl3d_tra_fs_dyn_CM.nii.gz,G2,1.0,G2,"Endometrioid adenocarcinoma, NOS",Stage I
C3N-01878,C3N-01878_07,CT,CT,F:\nifti_output\CT\C3N-01878_07\CT_Venous_phase____1.5__I30f.nii.gz,F:\nifti_output\CT\C3N-01878_07\CT_Venous_phase____1.5__I30f_mask.nii.gz,204804,EndCancer_0040,train,F:\nifti_output\CT\C3N-01878_07\CT_Venous_phase____1.5__I30f.nii.gz,G2,1.0,G2,"Endometrioid adenocarcinoma, NOS",Stage II
C3N-01342,C3N-01342_05,CT,CT,F:\nifti_output\CT\C3N-01342_05\CT_Venous_phase____1.5__I30f.nii.gz,F:\nifti_output\CT\C3N-01342_05\CT_Venous_phase____1.5__I30f_mask.nii.gz,12136,EndCancer_0041,train,F:\nifti_output\CT\C3N-01342_05\CT_Venous_phase____1.5__I30f.nii.gz,G2,1.0,G2,"Endometrioid adenocarcinoma, NOS",Stage I
C3N-02598,C3N-02598_11,CT,CT,F:\nifti_output\CT\C3N-02598_11\CT_Venous_phase____1.5__I30f.nii.gz,F:\nifti_output\CT\C3N-02598_11\CT_Venous_phase____1.5__I30f_mask.nii.gz,2406,EndCancer_0042,train,F:\nifti_output\CT\C3N-02598_11\CT_Venous_phase____1.5__I30f.nii.gz,G2,1.0,G2,"Endometrioid adenocarcinoma, NOS",Stage IV
C3N-00866,C3N-00866_01,MRI,CT,F:\nifti_output\MRI\C3N-00866_01\CT_3.75.nii.gz,F:\nifti_output\MRI\C3N-00866_01\CT_3.75_mask.nii.gz,14598,EndCancer_0043,train,F:\nifti_output\MRI\C3N-00866_01\CT_3.75.nii.gz,G1,0.0,G1,"Endometrioid adenocarcinoma, NOS",Stage I
C3N-01873,C3N-01873_07,CT,MRI,F:\nifti_output\CT\C3N-01873_07\MR_t1_fl3d_tra_fs_dyn_CM.nii.gz,F:\nifti_output\CT\C3N-01873_07\MR_t1_fl3d_tra_fs_dyn_CM_mask.nii.gz,131453,EndCancer_0044,train,F:\nifti_output\CT\C3N-01873_07\MR_t1_fl3d_tra_fs_dyn_CM.nii.gz,G2,1.0,G2,"Endometrioid adenocarcinoma, NOS",Stage I
C3N-01008,C3N-01008_03,CT,CT,F:\nifti_output\CT\C3N-01008_03\CT_Venous_phase____1.5__I30f.nii.gz,F:\nifti_output\CT\C3N-01008_03\CT_Venous_phase____1.5__I30f_mask.nii.gz,45269,EndCancer_0045,train,F:\nifti_output\CT\C3N-01008_03\CT_Venous_phase____1.5__I30f.nii.gz,G2,1.0,G2,"Endometrioid adenocarcinoma, NOS",Stage I
C3N-01001,C3N-01001_02,CT,MRI,F:\nifti_output\CT\C3N-01001_02\MR_t1_fl3d_tra_fs_dyn_CM.nii.gz,F:\nifti_output\CT\C3N-01001_02\MR_t1_fl3d_tra_fs_dyn_CM_mask.nii.gz,167924,EndCancer_0046,train,F:\nifti_output\CT\C3N-01001_02\MR_t1_fl3d_tra_fs_dyn_CM.nii.gz,,,,,
C3N-02976,C3N-02976_01,CT,MRI,F:\nifti_output\CT\C3N-02976_01\MR_t1_fl3d_tra_fs_dyn_CM.nii.gz,F:\nifti_output\CT\C3N-02976_01\MR_t1_fl3d_tra_fs_dyn_CM_mask.nii.gz,36487,EndCancer_0047,train,F:\nifti_output\CT\C3N-02976_01\MR_t1_fl3d_tra_fs_dyn_CM.nii.gz,G3,2.0,G3,"Endometrioid adenocarcinoma, NOS",Stage I
C3N-02274,C3N-02274_09,CT,CT,F:\nifti_output\CT\C3N-02274_09\CT_Venous_phase____1.5__I30f.nii.gz,F:\nifti_output\CT\C3N-02274_09\CT_Venous_phase____1.5__I30f_mask.nii.gz,3511,EndCancer_0048,train,F:\nifti_output\CT\C3N-02274_09\CT_Venous_phase____1.5__I30f.nii.gz,G2,1.0,G2,"Endometrioid adenocarcinoma, NOS",Stage I
C3L-00771,C3L-00771_06,CT,CT,F:\nifti_output\CT\C3L-00771_06\CT_Thins.nii.gz,F:\nifti_output\CT\C3L-00771_06\CT_Thins_mask.nii.gz,6888,EndCancer_0049,train,F:\nifti_output\CT\C3L-00771_06\CT_Thins.nii.gz,G2,1.0,G2,"Endometrioid adenocarcinoma, NOS",Stage III
C3N-02789,C3N-02789_11,CT,CT,F:\nifti_output\CT\C3N-02789_11\CT_ABD__3.0__B31f.nii.gz,F:\nifti_output\CT\C3N-02789_11\CT_ABD__3.0__B31f_mask.nii.gz,41191,EndCancer_0050,train,F:\nifti_output\CT\C3N-02789_11\CT_ABD__3.0__B31f.nii.gz,G2,1.0,G2,"Endometrioid adenocarcinoma, NOS",Stage II
C3N-00872,C3N-00872_03,CT,CT,F:\nifti_output\CT\C3N-00872_03\CT_Venous_phase____1.5__I30f.nii.gz,F:\nifti_output\CT\C3N-00872_03\CT_Venous_phase____1.5__I30f_mask.nii.gz,183203,EndCancer_0051,train,F:\nifti_output\CT\C3N-00872_03\CT_Venous_phase____1.5__I30f.nii.gz,G1,0.0,G1,"Endometrioid adenocarcinoma, NOS",Stage I
C3N-01341,C3N-01341_05,CT,MRI,F:\nifti_output\CT\C3N-01341_05\MR_t1_fl3d_tra_fs_dyn_CM.nii.gz,F:\nifti_output\CT\C3N-01341_05\MR_t1_fl3d_tra_fs_dyn_CM_mask.nii.gz,30897,EndCancer_0052,train,F:\nifti_output\CT\C3N-01341_05\MR_t1_fl3d_tra_fs_dyn_CM.nii.gz,G2,1.0,G2,"Endometrioid adenocarcinoma, NOS",Stage I
C3N-01510,C3N-01510_04,CT,CT,F:\nifti_output\CT\C3N-01510_04\CT_ABD_PEL__3.0__I40f__1.nii.gz,F:\nifti_output\CT\C3N-01510_04\CT_ABD_PEL__3.0__I40f__1_mask.nii.gz,530843,EndCancer_0053,test,F:\nifti_output\CT\C3N-01510_04\CT_ABD_PEL__3.0__I40f__1.nii.gz,G2,1.0,G2,"Endometrioid adenocarcinoma, NOS",Stage II
C3N-01761,C3N-01761_06,CT,MRI,F:\nifti_output\CT\C3N-01761_06\MR_t1_fl3d_tra_fs_dyn_CM.nii.gz,F:\nifti_output\CT\C3N-01761_06\MR_t1_fl3d_tra_fs_dyn_CM_mask.nii.gz,13509,EndCancer_0054,test,F:\nifti_output\CT\C3N-01761_06\MR_t1_fl3d_tra_fs_dyn_CM.nii.gz,G3,2.0,G3,"Endometrioid adenocarcinoma, NOS",Stage I
C3N-03417,C3N-03417_04,CT,MRI,F:\nifti_output\CT\C3N-03417_04\MR_t1_fl3d_tra_fs_dyn_CM.nii.gz,F:\nifti_output\CT\C3N-03417_04\MR_t1_fl3d_tra_fs_dyn_CM_mask.nii.gz,34455,EndCancer_0055,test,F:\nifti_output\CT\C3N-03417_04\MR_t1_fl3d_tra_fs_dyn_CM.nii.gz,G1,0.0,G1,"Endometrioid adenocarcinoma, NOS",Stage I
C3N-00732,C3N-00732_04,CT,CT,F:\nifti_output\CT\C3N-00732_04\CT_A_P__3.0__B31f.nii.gz,F:\nifti_output\CT\C3N-00732_04\CT_A_P__3.0__B31f_mask.nii.gz,9793,EndCancer_0056,test,F:\nifti_output\CT\C3N-00732_04\CT_A_P__3.0__B31f.nii.gz,G1,0.0,G1,"Endometrioid adenocarcinoma, NOS",Stage I
C3N-02639,C3N-02639_01,CT,MRI,F:\nifti_output\CT\C3N-02639_01\MR_t1_fl3d_tra_fs_dyn_CM.nii.gz,F:\nifti_output\CT\C3N-02639_01\MR_t1_fl3d_tra_fs_dyn_CM_mask.nii.gz,136679,EndCancer_0057,test,F:\nifti_output\CT\C3N-02639_01\MR_t1_fl3d_tra_fs_dyn_CM.nii.gz,G3,2.0,G3,"Endometrioid adenocarcinoma, NOS",Stage I
C3N-02595,C3N-02595_12,CT,MRI,F:\nifti_output\CT\C3N-02595_12\MR_t1_fl3d_tra_fs_dyn_CM.nii.gz,F:\nifti_output\CT\C3N-02595_12\MR_t1_fl3d_tra_fs_dyn_CM_mask.nii.gz,31789,EndCancer_0058,test,F:\nifti_output\CT\C3N-02595_12\MR_t1_fl3d_tra_fs_dyn_CM.nii.gz,G3,2.0,G3,"Endometrioid adenocarcinoma, NOS",Stage IV
C3N-01003,C3N-01003_02,CT,CT,F:\nifti_output\CT\C3N-01003_02\CT_Venous_Phase__1.5__I26f__3.nii.gz,F:\nifti_output\CT\C3N-01003_02\CT_Venous_Phase__1.5__I26f__3_mask.nii.gz,16969,EndCancer_0059,test,F:\nifti_output\CT\C3N-01003_02\CT_Venous_Phase__1.5__I26f__3.nii.gz,G3,2.0,G3,"Endometrioid adenocarcinoma, NOS",Stage IVB
C3N-01346,C3N-01346_05,CT,CT,F:\nifti_output\CT\C3N-01346_05\CT_Venous_phase____1.5__I30f.nii.gz,F:\nifti_output\CT\C3N-01346_05\CT_Venous_phase____1.5__I30f_mask.nii.gz,2187,EndCancer_0060,test,F:\nifti_output\CT\C3N-01346_05\CT_Venous_phase____1.5__I30f.nii.gz,G3,2.0,G3,"Endometrioid adenocarcinoma, NOS",Stage III
C3N-01219,C3N-01219_10,CT,CT,F:\nifti_output\CT\C3N-01219_10\CT_Body_1.0_CE.nii.gz,F:\nifti_output\CT\C3N-01219_10\CT_Body_1.0_CE_mask.nii.gz,234724,EndCancer_0061,test,F:\nifti_output\CT\C3N-01219_10\CT_Body_1.0_CE.nii.gz,G3,2.0,G3,"Endometrioid adenocarcinoma, NOS",Stage III
C3L-01744,C3L-01744_05,CT,CT,F:\nifti_output\CT\C3L-01744_05\CT_CHEST_ABD_PEL.nii.gz,F:\nifti_output\CT\C3L-01744_05\CT_CHEST_ABD_PEL_mask.nii.gz,8113,EndCancer_0062,test,F:\nifti_output\CT\C3L-01744_05\CT_CHEST_ABD_PEL.nii.gz,G2,1.0,G2,"Endometrioid adenocarcinoma, NOS",Stage I
C3N-03767,C3N-03767_04,CT,CT,F:\nifti_output\CT\C3N-03767_04\CT_Venous_phase____1.5__I30f.nii.gz,F:\nifti_output\CT\C3N-03767_04\CT_Venous_phase____1.5__I30f_mask.nii.gz,415668,EndCancer_0063,test,F:\nifti_output\CT\C3N-03767_04\CT_Venous_phase____1.5__I30f.nii.gz,G3,2.0,G3,"Endometrioid adenocarcinoma, NOS",Stage II
C3N-01007,C3N-01007_04,CT,MRI,F:\nifti_output\CT\C3N-01007_04\MR_t1_fl3d_tra_fs_dyn_CM.nii.gz,F:\nifti_output\CT\C3N-01007_04\MR_t1_fl3d_tra_fs_dyn_CM_mask.nii.gz,41713,EndCancer_0064,test,F:\nifti_output\CT\C3N-01007_04\MR_t1_fl3d_tra_fs_dyn_CM.nii.gz,G2,1.0,G2,"Endometrioid adenocarcinoma, NOS",Stage I
C3N-02012,C3N-02012_07,CT,CT,F:\nifti_output\CT\C3N-02012_07\CT_PELVIS__3.0__B31f.nii.gz,F:\nifti_output\CT\C3N-02012_07\CT_PELVIS__3.0__B31f_mask.nii.gz,2314,EndCancer_0065,test,F:\nifti_output\CT\C3N-02012_07\CT_PELVIS__3.0__B31f.nii.gz,G2,1.0,G2,"Endometrioid adenocarcinoma, NOS",Stage I
